user_id,alert_time,risk_score,uncertainty
1,2025-04-06 08:45:00,0.8071296418466484,0.2000437414820967
5,2025-04-06 08:45:00,0.9688953449817616,0.1126376209301606
2,2025-04-06 08:45:00,0.7762858288272978,0.2544045780758374
4,2025-04-06 08:45:00,0.7560775574334306,0.2587214988880523
11,2025-04-06 08:45:00,0.7508023526358597,0.2769446838994959
35,2025-04-06 08:45:00,0.7925689767701909,0.2873367682613689
79,2025-04-06 08:45:00,0.7134597505341687,0.3258555291055105
76,2025-04-06 08:45:00,0.8060411880500411,0.2714851617206536
69,2025-04-06 08:45:00,0.7697365665705989,0.260956636871188
